"Air University (Maxwell-Gunter Air Force Base Montgomery, Alabama)"
Alabama Agricultural and Mechanical University
Alabama College of Osteopathic Medicine
Alabama School of Fine Arts
Alabama Southern Community College
Alabama Southern Community College
Alabama Southern Community College
Alabama Southern Community College
Alabama State University
Amridge University
Alaska Bible College
Alaska Pacific University
"College of Business and Public Policy, University of Alaska Anchorage"
Ilisagvik College
Kenai Peninsula College - Kachemak Bay Campus
Kenai Peninsula College - Kenai River Campus
Kenai Peninsula College - Resurrection Bay Extension Site
Kenai Peninsula College -Anchorage Extension Site
Kodiak College
Matanuska-Susitna College
A.T. Still University
American Indian College
Anthem College
Argosy University - Phoenix
Arizona Christian University
Arizona College
"Arizona School of Massage Therapy, Tempe"
Arizona State University
Arizona State University - Downtown Phoenix Campus
Arizona State University at Tempe
ABC Beauty College
Arkansas State University
"Arkansas State University - Beebe, Beebe Campus"
"Arkansas State University - Beebe, Heber Springs Campus"
"Arkansas State University - Beebe, Little Rock Air Force Base Degree Center"
"Arkansas State University - Beebe, Searcy Campus"
Arkansas State University - Newport
"Arkansas State University - Newport, Jonesboro"
"Arkansas State University - Newport, Marked Tree"
Arkansas State University Mid-South
Abraham Lincoln University
Alhambra Beauty College
Allan Hancock College
Alliant International University
Allied American University
"American Career College, Los Angeles Campus"
"American Career College, Ontario Campus"
"American Career College, Orange County Campus"
American College of Traditional Chinese Medicine
American Graduate University
Adams State College
Adams State College Extended Studies
Aims Community College
American Sentinel University
Arapahoe Community College
Argosy University - Denver
Aspen University
Association of Christian Schools International
Auguste Escoffier School of Culinary Arts
Beth-El College of Nursing and Health Sciences
Albertus Magnus College
Asnuntuck Community College
Capital Community College
Central Connecticut State University
Charter Oak State College
Collegiate Compass
Connecticut College
Connecticut College
Connecticut Community Colleges
Dakota Wesleyan University
Albertus Magnus College
Asnuntuck Community College
Capital Community College
Central Connecticut State University
Charter Oak State College
Collegiate Compass
Connecticut College
Connecticut College
Connecticut Community Colleges
Dakota Wesleyan University
Alfred Lerner College of Business & Economics | University of Delaware
American University for Humanities
Beebe Hospital School of Nursing
College of Agriculture and Natural Resources | University of Delaware
"College of Earth, Ocean, and Entvironment | University of Delaware"
"Concordia College and University, Delaware"
Delaware College of Art and Design
Delaware State University
"Delaware State University, School of Management"
Delaware Technical & Community College-Owens Campus
Abraham Baldwin Agricultural College
Agnes Scott College
Albany State University
Albany Technical College
Altamaha Technical College
American Intercontinental University
American InterContinental University
American InterContinental University - Atlanta
American InterContinental University - Buckhead
Andrew College
Argosy University - Hawaii
Atlantic International University
Brigham Young University Hawaii
Chaminade University of Honolulu
"College of Business and Economics, University of Hawaii at Hilo"
College of Engineering | University of Hawaii at Manoa
"College of Social Sciences, University of Hawai’i at Manoa"
"College of Tropical Agriculture and Human Resources, University of Hawaii at Monoa"
Hawai'i Community College
"Hawai'i Pacific University, College of Business Administration"
Abraham Baldwin Agricultural College
Agnes Scott College
Albany State University
Albany Technical College
Altamaha Technical College
American Intercontinental University
American InterContinental University
American InterContinental University - Atlanta
American InterContinental University - Buckhead
Andrew College
Advanced Technology College (ATC)
American College of Applied Science
American InterContinental University (Fla.)
American InterContinental University South-Florida
Ana G. Mendez University System
Argosy University
Argosy University - Tampa
"ATA, CIF College"
Atlantis University
Ave Maria University
Abraham Baldwin Agricultural College
Agnes Scott College
Albany State University
Albany Technical College
Altamaha Technical College
American Intercontinental University
American InterContinental University
American InterContinental University - Atlanta
American InterContinental University - Buckhead
Andrew College
Argosy University - Hawaii
Atlantic International University
Brigham Young University Hawaii
Chaminade University of Honolulu
"College of Business and Economics, University of Hawaii at Hilo"
College of Engineering | University of Hawaii at Manoa
"College of Social Sciences, University of Hawai’i at Manoa"
"College of Tropical Agriculture and Human Resources, University of Hawaii at Monoa"
Hawai'i Community College
"Hawai'i Pacific University, College of Business Administration"
Albertson College of Idaho
Boise Bible College
Boise State University
"Boise State University, Business School"
Brigham Young University Idaho
Canyon College
"Carrington College, Boise Campus"
"College of Agricultural and Life Sciencese, University of Idaho"
College of Southern Idaho
"CollegeAmerica, Idaho Falls, Idaho Campus"
Ancilla College
Anderson University (Ind.)
Ball State University
Bethel College Mishawaka
Bishop Dwenger High School
Brown Mackie College - Fort Wayne
Brown Mackie College - Indianapolis
Brown Mackie College - Merrillville
Brown Mackie College - Michigan City
Brown Mackie College - South Bend
AIB College of Business
Allen College
"American College of Hairstyling, Des Moines School"
Buena Vista University
Central College
Clarke College
Coe College
"College of Engineering, University of Iowa"
"College of Law, The University of Iowa"
Community Colleges for International Development
Allen Community College
Arkansas Baptist College
Arkansas Northeastern College
Associated Colleges of Central Kansas
Baker University
Barclay College
Barton County Community College
Benedictine College
Bethany College
"Bethany College, KS"
Alice Lloyd College
Asbury University
Ashland Community and Technical College
Bellarmine University
Berea College
Big Sandy Community and Technical College
Bluegrass Community and Technical College
Bowling Green Community College
Bowling Green Technical College
Brescia University
Ayers Career College
Baton Rouge Community College
Bossier Parish Community College
"Career Technical College, Monroe"
"Career Technical College, Shreveport"
Centenary College of Louisiana
"Centenary College of Louisiana, Business School"
Columbus University
Delgado Community College
Delta International University (DIU)
Andover College
Andover College–Lewiston
Andover College–Portland
Bates College
Beal College
Bowdoin College
Central Maine Community College
Colby College
"College of Natural Sciences, Forestry, and Agriculture, University of Maine"
College of the Atlantic
Adrian College
Albion College
Alma College
Alpena Community College
Aquinas College
Baker College
Baker College Center for Graduate Studies
Baker College of Allen Park
Baker College of Auburn Hills
Baker College of Cadillac
AIU Online
Alexandria Technical College
Anoka Technical College
Anoka-Ramsey Community College (ARCC)
Argosy University - Twin Cities
Arrowhead University
Augsburg College
Bemidji State University
Bethany Lutheran College
Bethel University (Minn.)
Adam Smith University of America
Alcorn State University
Antonelli College – Hattiesburg Campus
Antonelli College – Jackson Campus
Antonelli College – Online Campus
"Bagley College of Engineering, Mississippi State University, Mississippi State"
Belhaven College
Blue Mountain College
"Boston College, Law School"
Cambridge College System
American Business and Technology University
American College Of Hair Design Inc
Avila University
Baptist Bible College
Baptist Bible College of Missouri
Berean University of the Assemblies of God
Breech School Of Business Administration | Drury University
Brown School - Washington University in St.Louis
"Bryan University, Springfield, Missouri"
Calvary Bible College
Blackfeet Community College
Carroll College
Chinook High School
Dawson County Community College District
Flathead Valley Community College
Intermountain Union College
Miles Community College
Montana State University
Montana State University - Northern
Montana State University at Bozeman
Bellevue University
BryanLGH College of Health Sciences
Central Community College
Chadron State College
Clarkson College
College of Business Administration | University of Nebraska at Lincoln
"College of Engineering, University of Nebraska-Lincoln"
"College of Law, University of Nebraska-Lincoln,"
College of St. Mary
"Concordia College, Seward"
Advanced Technologies Academy
"Carrington College, Las Vegas Campus"
"Carrington College, Reno Campus"
College of Southern Nevada
Deep Springs College
Great Basin College
"International Academy of Design and Technology, Tampa (IADT)"
International School of Hospitality
"Kaplan College, Las Vegas"
LCB Las Vegas
American College of History and Legal Studies
Antioch University New England
Chester College of New England
Colby-Sawyer College
College of Saint Mary Magdalen
Community College System of New Hampshire
Daniel Webster College
Dartmouth College
Dartmouth College Library
Dartmouth College Thayer School of Engineering
Assumption College for Sisters
Atlantic Cape Community College
"Atlantic County Vocational Technical School, Atlantic County Institute of Technology"
Bergen Community College
"Bergen County College of Business Administration, County og Bergen"
Bloomfield College
Brookdale Community College
Burlington County College
Caldwell College
Camden County College
Albert Einstein College of Medicine of Yeshiva Univeristy
Albuquerque Barber College
American Century University
Apollo College
"Brookline College, Phoenix, AZ"
"Carrington College, Albuquerque Campus"
Central New Mexico Community College
Clovis Community College
College of Business | New Mexico State University
"College of Pharmacy,University of New Mexico-Main Campus"
Adelphi University
Adelphi University | School of Nursing
"Adelphi University, Business School"
Adirondack Community College
Ailey School
Albany College of Pharmacy
Albany College of Pharmacy and Health Sciences
Albany Law School of Union University
Albany University
Albert Einstein College Medicine
Assumption College for Sisters
Atlantic Cape Community College
"Atlantic County Vocational Technical School, Atlantic County Institute of Technology"
Bergen Community College
"Bergen County College of Business Administration, County og Bergen"
Bloomfield College
Brookdale Community College
Burlington County College
Caldwell College
Camden County College
Alamance Community College
Andrews University
Appalachian State University
"Appalachian State University, Business School"
"Appalachian State University, Reich College of Education"
Asheville-Buncombe Technical Community College
Baltimore School of Massage
Barber-Scotia College
Barton College
Beaufort County Community College
Allegheny Wesleyan College
"American School of Technology, Columbus, OH"
Antioch College
Antioch University
Antioch University Midwest
Antonelli College – Cincinnati Campus
Ashland Theological Seminary
Ashland University
Athenaeum of Ohio
Aultman College
Allegheny Wesleyan College
"American School of Technology, Columbus, OH"
Antioch College
Antioch University
Antioch University Midwest
Antonelli College – Cincinnati Campus
Ashland Theological Seminary
Ashland University
Athenaeum of Ohio
Aultman College
American Broadcasting School
American College Of Medical Technology
Bacone College
Brown Mackie College - Tulsa
Cameron University
Carl Albert State College
Clary Sage College
College of Atmospheric and Geographic Sciences | University of Oklahoma
"College of Engineering, Architecture and Technology of Oklahoma State University"
"College of Law, The University of Oklahoma"
American College of Healthcare Sciences
Beaumonde College of Beauty And Hair Design
Blue Mountain Community College - Pendleton Campus
Brandman University
"Carrington College, Portland Campus"
Central Oregon Community College
Chemeketa Community College
Clackamas Community College
Clark Honors College
Clatsop Community College
Albright College
Allegheny College
Allentown College of St. Francis de Sales
Altoona Beauty School Inc
Alvernia University
American College
American College of Physcians
American Public University
"Annenberg School for Communication, University of Pennsylvania"
Arcadia University (formerly Beaver College)
Brown University
"Brown University, School of Engineering"
Bryant University
Community College of Rhode Island
"International Yacht Restoration School, Inc, Newport, RI"
"Johnson and Wales University, Denver"
"Johnson and Wales University, Providence"
Naval War College
Oshean
Providence College
Aiken Technical College
Allen University
Anderson College
Anderson University
Benedict College
Bishop England High School
Bob Jones University
Briar Cliff College
Brown Mackie College - Greenville
Charleston School of Law
Black Hills State University
Dakota State University
"Globe University, Sioux Falls"
Harold D. Buckingham Graduate School
Kilian Community College
Mount Marty College
"National American University, Sioux Falls"
Northern State University
Oglala Lakota College
Presentation College
American Baptist College
"Aquinas College, Nashville"
Argosy University - Nashville
Arnolds Beauty School
Austin Peay State University
Baptist Memorial College of Health Sciences
Baylor College of Dentistry
Belmont University
Bethel University
Bryan College
Abilene Christian University
Alamo Community Colleges
Alvin Community College
Amarillo College
Ambassador University
Amberton University
American Academy of Nurse Practitioners
American College of Acupuncture and Oriental Medicine
American Commercial College
American InterContinental University Houston
AmeriTech College
Brigham Young University
Brigham Young University Business School
Broadview Entertainment Arts University
Broadview University
BYU Chinese Flagship
Charter College
College of Eastern Utah
"College of Law, The University of Utah"
Dixie State College of Utah
Bennington College
Burlington College
C.V. Starr-Middlebury School in the Middle East
Castleton State College
Castleton State University
Champlain College
Champlain College Online
Community College of Vermont
Goddard College
Green Mountain College
American College of Radiology
American Open University
Americas Computers Training Source
Appalachian College of Pharmacy
Argosy University - Washington DC
Atlantic University
Averett College
Bernelli University
Blue Ridge Community College
Bluefield College
Alexandar School of Natural Therapeutics
American College of Cardiology
American Health Science University
American University
American University - College of Law
American University - Kogod School of Business
American University - School of International Service
Antioch University Seattle
Argosy University - Seattle
Bastyr University
Alderson Broaddus College
American Military University
American Public University System
Appalachian Bible College
Bethany College Study Abroad Programs Travel Awards and Scholarships
Blue Ridge Community and Technical College
Bluefield State College
BridgeValley Community and Technical College
BridgeValley Community and Technical College
Concord University
Alverno College
Amerstate University
Bellin College - School of Nursing
Beloit College
Blackhawk Technical College
"Bryant & Stratton College, Bayshore Campus"
"Bryant & Stratton College, Milwaukee Campus"
"Bryant & Stratton College, Wauwatosa Campus"
Cardinal Stritch University
Carroll University
Casper College
Central Wyoming College
"CollegeAmerica, Cheyenne, Wyoming Campus"
Eastern Wyoming College
Laramie County Community College
Northern Wyoming Community College District - Gillette College
Northern Wyoming Community College District - Sheridan College
Northwest College (Wyo.)
Preston University
University of Wyoming
